{
  "trained_at": "2026-05-20 23:51:20",
  "source": "snowflake",
  "tier": "full",
  "horizons": [
    5,
    15,
    30
  ],
  "n_rows_total": 44640,
  "n_rows_engineered": 44580,
  "n_train": 35664,
  "n_test": 8916,
  "model_version": "v1.0-rf-20260520-2351",
  "sparse_warning": null,
  "metrics": {
    "5": {
      "mae": 226.2,
      "rmse": 268.42,
      "r2": 0.9255
    },
    "15": {
      "mae": 227.59,
      "rmse": 273.25,
      "r2": 0.9223
    },
    "30": {
      "mae": 237.61,
      "rmse": 287.56,
      "r2": 0.9131
    }
  },
  "feature_importance": {
    "vwap_lag_1": 0.901573,
    "vwap_lag_2": 0.027362,
    "vwap_lag_3": 0.002507,
    "vwap_lag_4": 0.0,
    "vwap_lag_5": 0.0,
    "vwap_lag_6": 0.0,
    "vwap_lag_7": 0.0,
    "vwap_lag_8": 0.0,
    "vwap_lag_9": 0.0,
    "vwap_lag_10": 0.0,
    "volume_btc_lag_1": 0.0,
    "volume_btc_lag_2": 0.0,
    "volume_btc_lag_3": 0.0,
    "volume_btc_lag_4": 0.0,
    "volume_btc_lag_5": 0.0,
    "vwap_roll_mean_5": 0.068559,
    "vwap_roll_std_5": 0.0,
    "vwap_roll_mean_15": 0.0,
    "vwap_roll_std_15": 0.0,
    "vwap_roll_mean_30": 0.0,
    "vwap_roll_std_30": 0.0,
    "vwap_pct_change_1": 0.0,
    "vwap_pct_change_5": 0.0,
    "trade_count_delta": 0.0,
    "volume_btc_pct_change": 0.0,
    "hour_of_day": 0.0,
    "day_of_week": 0.0,
    "minute_of_hour": 0.0
  },
  "chart": {
    "timestamps": [
      "21:30",
      "21:31",
      "21:32",
      "21:33",
      "21:34",
      "21:35",
      "21:36",
      "21:37",
      "21:38",
      "21:39",
      "21:40",
      "21:41",
      "21:42",
      "21:43",
      "21:44",
      "21:45",
      "21:46",
      "21:47",
      "21:48",
      "21:49",
      "21:50",
      "21:51",
      "21:52",
      "21:53",
      "21:54",
      "21:55",
      "21:56",
      "21:57",
      "21:58",
      "21:59",
      "22:00",
      "22:01",
      "22:02",
      "22:03",
      "22:04",
      "22:05",
      "22:06",
      "22:07",
      "22:08",
      "22:09",
      "22:10",
      "22:11",
      "22:12",
      "22:13",
      "22:14",
      "22:15",
      "22:16",
      "22:17",
      "22:18",
      "22:19",
      "22:20",
      "22:21",
      "22:22",
      "22:23",
      "22:24",
      "22:25",
      "22:26",
      "22:27",
      "22:28",
      "22:29",
      "22:30",
      "22:31",
      "22:32",
      "22:33",
      "22:34",
      "22:35",
      "22:36",
      "22:37",
      "22:38",
      "22:39",
      "22:40",
      "22:41",
      "22:42",
      "22:43",
      "22:44",
      "22:45",
      "22:46",
      "22:47",
      "22:48",
      "22:49",
      "22:50",
      "22:51",
      "22:52",
      "22:53",
      "22:54",
      "22:55",
      "22:56",
      "22:57",
      "22:58",
      "22:59",
      "23:00",
      "23:01",
      "23:02",
      "23:03",
      "23:04",
      "23:05",
      "23:06",
      "23:07",
      "23:08",
      "23:09",
      "23:10",
      "23:11",
      "23:12",
      "23:13",
      "23:14",
      "23:15",
      "23:16",
      "23:17",
      "23:18",
      "23:19",
      "23:20",
      "23:21",
      "23:22",
      "23:23",
      "23:24",
      "23:25",
      "23:26",
      "23:27",
      "23:28",
      "23:29"
    ],
    "actual": [
      42314.43,
      42337.78,
      42342.83,
      42354.26,
      42390.66,
      42394.69,
      42378.94,
      42369.83,
      42411.15,
      42396.5,
      42380.62,
      42351.43,
      42405.38,
      42402.74,
      42428.4,
      42433.05,
      42451.22,
      42428.66,
      42420.29,
      42372.32,
      42400.05,
      42435.5,
      42417.15,
      42376.91,
      42392.49,
      42411.8,
      42434.88,
      42430.97,
      42442.15,
      42455.04,
      42463.65,
      42458.84,
      42464.76,
      42473.41,
      42438.74,
      42447.99,
      42485.83,
      42463.67,
      42452.45,
      42415.38,
      42397.17,
      42444.25,
      42482.74,
      42485.09,
      42530.63,
      42525.95,
      42540.52,
      42604.39,
      42609.01,
      42550.45,
      42567.73,
      42595.24,
      42604.95,
      42635.63,
      42610.2,
      42602.99,
      42606.34,
      42593.63,
      42596.04,
      42592.16,
      42594.5,
      42615.38,
      42620.54,
      42654.42,
      42624.44,
      42607.21,
      42611.75,
      42631.64,
      42622.17,
      42643.69,
      42648.4,
      42631.52,
      42643.47,
      42650.52,
      42645.18,
      42628.29,
      42633.1,
      42643.04,
      42661.02,
      42668.82,
      42667.35,
      42658.77,
      42676.11,
      42683.08,
      42668.43,
      42653.95,
      42627.29,
      42635.81,
      42662.27,
      42662.16,
      42641.54,
      42644.82,
      42635.56,
      42644.46,
      42626.89,
      42618.61,
      42618.6,
      42616.29,
      42624.93,
      42614.83,
      42604.58,
      42584.97,
      42592.32,
      42594.2,
      42592.78,
      42575.55,
      42565.98,
      42585.49,
      42607.55,
      42624.92,
      42639.84,
      42616.72,
      42620.85,
      42636.91,
      42643.71,
      42644.9,
      42643.68,
      42639.7,
      42643.05,
      42641.38
    ],
    "pred_5min": [
      42492.95,
      42492.95,
      42492.95,
      42492.95,
      42492.95,
      42492.95,
      42492.95,
      42492.95,
      42492.95,
      42492.95,
      42492.95,
      42492.95,
      42492.95,
      42492.95,
      42492.95,
      42492.95,
      42492.95,
      42492.95,
      42492.95,
      42492.95,
      42492.95,
      42492.95,
      42492.95,
      42492.95,
      42492.95,
      42492.95,
      42492.95,
      42492.95,
      42492.95,
      42492.95,
      42492.95,
      42492.95,
      42492.95,
      42492.95,
      42492.95,
      42492.95,
      42492.95,
      42492.95,
      42492.95,
      42492.95,
      42492.95,
      42492.95,
      42492.95,
      42492.95,
      42492.95,
      42492.95,
      42492.95,
      42492.95,
      42492.95,
      42492.95,
      42492.95,
      42492.95,
      42492.95,
      42492.95,
      42663.48,
      42492.95,
      42492.95,
      42492.95,
      42492.95,
      42492.95,
      42492.95,
      42492.95,
      42492.95,
      42492.95,
      42731.91,
      42492.95,
      42492.95,
      42492.95,
      42528.43,
      42492.95,
      42731.91,
      42731.91,
      42528.43,
      42731.91,
      42731.91,
      42731.91,
      42494.58,
      42564.9,
      42731.91,
      42731.91,
      42731.91,
      42731.91,
      42731.91,
      42731.91,
      42731.91,
      42731.91,
      42731.91,
      42492.95,
      42671.43,
      42731.91,
      42731.91,
      42731.91,
      42731.91,
      42660.33,
      42731.91,
      42492.95,
      42492.95,
      42492.95,
      42492.95,
      42492.95,
      42492.95,
      42492.95,
      42492.95,
      42492.95,
      42492.95,
      42492.95,
      42492.95,
      42492.95,
      42492.95,
      42492.95,
      42492.95,
      42731.91,
      42492.95,
      42492.95,
      42711.26,
      42731.91,
      42731.91,
      42731.91,
      42731.91,
      42731.91
    ]
  }
}